aahed; 4
aalii; 4
aargh; 3
aarti; 2
abaca; 3
abaci; 3
aback; 4
abacs; 4
abaft; 3
abaka; 4
abamp; 3
aband; 3
abase; 3
abash; 3
abask; 3
abate; 3
abaya; 3
abbas; 4
abbed; 3
abbes; 3
abbey; 2
abbot; 3
abcee; 4
abeam; 3
abear; 4
abele; 3
abers; 3
abets; 3
abhor; 3
abide; 3
abies; 2
abled; 3
abler; 2
ables; 3
ablet; 2
ablow; 3
abmho; 3
abode; 3
abohm; 3
aboil; 2
aboma; 3
aboon; 3
abord; 3
abore; 3
abort; 4
about; 3
above; 4
abram; 3
abray; 2
abrim; 3
abrin; 2
abris; 2
absey; 2
absit; 3
abuna; 3
abune; 3
abuse; 3
abuts; 3
abuzz; 3
abyes; 2
abysm; 2
abyss; 3
acais; 4
acari; 4
accas; 4
accoy; 2
acerb; 4
acers; 4
aceta; 4
achar; 4
ached; 3
aches; 3
achoo; 4
acids; 3
acidy; 2
acing; 3
acini; 4
ackee; 4
acker; 3
acmes; 3
acmic; 3
acned; 3
acnes; 2
acock; 3
acold; 2
acorn; 3
acred; 2
acres; 2
acrid; 4
acros; 2
acted; 2
actin; 3
acton; 2
actor; 3
acute; 3
acyls; 2
adage; 4
adapt; 3
adaws; 4
adays; 4
aahed; 4
aalii; 4
aargh; 3
aarti; 2
abaca; 3
abaci; 3
aback; 4
abacs; 4
abaft; 3
abaka; 4
abamp; 3
aband; 3
abase; 3
abash; 3
abask; 3
abate; 3
abaya; 3
abbas; 4
abbed; 3
abbes; 3
abbey; 2
abbot; 3
abcee; 4
abeam; 3
abear; 4
abele; 3
abers; 3
abets; 3
abhor; 3
abide; 3
abies; 2
abled; 3
abler; 2
ables; 3
ablet; 2
ablow; 3
abmho; 3
abode; 3
abohm; 3
aboil; 2
aboma; 3
aboon; 3
abord; 3
abore; 3
abort; 4
about; 3
above; 4
abram; 3
abray; 2
abrim; 3
abrin; 2
abris; 2
absey; 2
absit; 3
abuna; 3
abune; 3
abuse; 3
abuts; 3
abuzz; 3
abyes; 2
abysm; 2
abyss; 3
acais; 4
acari; 4
accas; 4
accoy; 2
acerb; 4
acers; 4
aceta; 4
achar; 4
ached; 3
aches; 3
achoo; 4
acids; 3
acidy; 2
acing; 3
acini; 4
ackee; 4
acker; 3
acmes; 3
acmic; 3
acned; 3
acnes; 2
acock; 3
acold; 2
acorn; 3
acred; 2
acres; 2
acrid; 4
acros; 2
acted; 2
actin; 3
acton; 2
actor; 3
acute; 3
acyls; 2
adage; 4
adapt; 3
adaws; 4
adays; 4
